Source:,C:\Users\progu\OneDrive\Documents\Github\Apollo_Programming\docs\MPPT_navitas\SM72442 breakout board\SM72442 Breakout Board\breakoutboard-2\breakoutboard-2.sch,,,,,,,,,,,,,,,
Date:,1/15/2022 16:18,,,,,,,,,,,,,,,
Tool:,Eeschema (5.1.10)-1,,,,,,,,,,,,,,,
Generator:,C:\Program Files\KiCad\bin\scripting\plugins/bom_csv_grouped_by_value_with_fp.py,,,,,,,,,,,,,,,
Component Count:,114,,,,,,,,,,,,,,,
Ref,Qnty,Value,Cmp name,Footprint,Description,Vendor,,,,,,,,,,
"C27, ",1,0.1uF,C,Capacitor_SMD:C_0805_2012Metric,Unpolarized capacitor,,,,,,,,,,,
"C28, C33, ",2,1uF,C,Capacitor_SMD:C_0805_2012Metric,Unpolarized capacitor,,,,transparent with 4,,,,,,,
"C34, C39, ",2,0.47uF,C,Capacitor_SMD:C_0805_2012Metric,Unpolarized capacitor,,,,the transparent packaging with 6,,,,,,,
"C47, C50, C51, C52, C53, C54, C55, C58, C59, C60, C61, C62, C63, C64, C65, C66, C67, C68, C69, C70, C71, C72, C73, C74, C75, C76, C77, C78, C79, C80, C81, C82, C83, C84, ",34,2.2uF,C_Small,CL05A225MQ5NNNC:CAPC1005X55N,"Unpolarized capacitor, small symbol",,,,6,,,,,,,
"C48, C49, ",2,.01uF,C_Small,Capacitor_SMD:C_0805_2012Metric,"Unpolarized capacitor, small symbol",,,,,,,,,,,
"C56, C57, ",2,470pF,C_Small,Capacitor_SMD:C_0402_1005Metric,"Unpolarized capacitor, small symbol",,,,,,,,,,,
"C89, C99, ",2,.1uF,C_Small,CL05A104KA5NNNC:CAPC1005X55N,"Unpolarized capacitor, small symbol",,,,,,,,,C0805C104K1RACTM,,
"C91, C92, ",2,10uF,C_Small,Capacitor_SMD:C_1206_3216Metric,"Unpolarized capacitor, small symbol",,,,,,,,,,,
"D11, D16, ",2,D_Schottky,D_Schottky,fsv201:FSV10100V,Schottky diode,,,,,,,,,RB218NS150TL,,
"D12, D13, D17, D18, D19, D20, ",6,Device_D_Schottky,Device_D_Schottky,DFLS1200-7:Diodes_Inc.-PowerDI123-03_2017-0-MFG,,,,,,,,,,,,
"D14, ",1,Device_D_Schottky,Device_D_Schottky,Diode_SMD:D_SOD-123,,,,,,,,,,,,
"D15, D21, D22, ",3,D_Schottky,D_Schottky,Diode_SMD:D_SOD-123,Schottky diode,,,,,,,,,,,
"F1, F2, ",2,10A,Fuse,Fuse:Fuseholder_Cylinder-5x20mm_Schurter_0031_8201_Horizontal_Open,Fuse,,,,,,,,,,,
"J1, ",1,PV_IN,Conn_01x01,Connector_PinSocket_2.00mm:PinSocket_1x01_P2.00mm_Vertical,"Generic connector, single row, 01x01, script generated (kicad-library-utils/schlib/autogen/connector/)",,,,,,,,,,,Ampere too big for connectors
"J2, ",1,Connector_Generic_Conn_01x02,Connector_Generic_Conn_01x02,Connector_PinSocket_2.00mm:PinSocket_1x02_P2.00mm_Vertical,,,,,,,,,,,,
"J3, ",1,Iin_sense_INA,Conn_01x03,Connector_PinSocket_2.00mm:PinSocket_1x03_P2.00mm_Vertical,"Generic connector, single row, 01x03, script generated (kicad-library-utils/schlib/autogen/connector/)",,,,,,,,,,,
"J4, ",1,Iout_sense_INA,Conn_01x03,Connector_PinSocket_2.00mm:PinSocket_1x03_P2.00mm_Vertical,"Generic connector, single row, 01x03, script generated (kicad-library-utils/schlib/autogen/connector/)",,,,,,,,,,,
"J5, ",1,Iin_sense,Conn_01x02,Connector_PinSocket_2.00mm:PinSocket_1x02_P2.00mm_Vertical,"Generic connector, single row, 01x02, script generated (kicad-library-utils/schlib/autogen/connector/)",,,,,,,,,,,
"J6, ",1,PV,Conn_01x02,TerminalBlock_MetzConnect:TerminalBlock_MetzConnect_Type011_RT05502HBWC_1x02_P5.00mm_Horizontal,"Generic connector, single row, 01x02, script generated (kicad-library-utils/schlib/autogen/connector/)",,,,,,,,,,,
"J7, ",1,BAT,Conn_01x02,TerminalBlock_MetzConnect:TerminalBlock_MetzConnect_Type011_RT05502HBWC_1x02_P5.00mm_Horizontal,"Generic connector, single row, 01x02, script generated (kicad-library-utils/schlib/autogen/connector/)",,,,,,,,,,,
"J8, ",1,Iout_sense,Conn_01x02,Connector_PinSocket_2.00mm:PinSocket_1x02_P2.00mm_Vertical,"Generic connector, single row, 01x02, script generated (kicad-library-utils/schlib/autogen/connector/)",,,,,,,,,,,
"J9, ",1,Vout,Conn_01x01,Connector_PinSocket_2.00mm:PinSocket_1x01_P2.00mm_Vertical,"Generic connector, single row, 01x01, script generated (kicad-library-utils/schlib/autogen/connector/)",,,,,,,,,,,
"J9-1, ",1,Connector_Generic_Conn_01x05,Connector_Generic_Conn_01x05,Connector_PinSocket_2.00mm:PinSocket_1x05_P2.00mm_Vertical,,,,,,,,,,,,
"J10, ",1,10V,Conn_01x01,Connector_PinSocket_2.00mm:PinSocket_1x01_P2.00mm_Vertical,"Generic connector, single row, 01x01, script generated (kicad-library-utils/schlib/autogen/connector/)",,,,,,,,,,,
"J11, ",1,5V_conn,Conn_01x01,Connector_PinSocket_2.00mm:PinSocket_1x01_P2.00mm_Vertical,"Generic connector, single row, 01x01, script generated (kicad-library-utils/schlib/autogen/connector/)",,,,,,,,,,,
"L4, ",1,L_Core_Iron,L_Core_Iron,SER2915L-682KL_KiCad:SER2915L682KL,Inductor with iron core,,,,,,,,,,,
"Q3, Q4, Q5, Q6, ",4,2N7002,2N7002,IRF8010STRLPBF:IRF8010STRLPBF,"0.115A Id, 60V Vds, N-Channel MOSFET, SOT-23",,,,,,,,,,,
"R44, R71, R72, R77, R78, R80, R82, ",7,10k,R_Small_US,Resistor_SMD:R_0603_1608Metric,"Resistor, small US symbol",,,,,,,,,,,
"R59, R60, ",2,26.1k,R_Small_US,Resistor_SMD:R_0603_1608Metric,"Resistor, small US symbol",,,,,,,,,,,
"R61, R62, ",2,2k,R_Small_US,Resistor_SMD:R_0603_1608Metric,"Resistor, small US symbol",,,,,,,,,,,
"R67, R68, ",2,0.004,R_Small_US,Resistor_SMD:R_2512_6332Metric,"Resistor, small US symbol",,,,,,,,,,,
"R69, R70, R74, R75, R95, R96, R97, R98, ",8,10,R_Small_US,Resistor_SMD:R_0603_1608Metric,"Resistor, small US symbol",,,,,,,,,,,
"R73, R76, ",2,4.99,R_Small_US,Resistor_SMD:R_0805_2012Metric,"Resistor, small US symbol",,,,,,,,,,,
"R81, R83, ",2,DNP,R_Small_US,Resistor_SMD:R_0603_1608Metric,"Resistor, small US symbol",,,,,,,,,,,
"R84, R85, ",2,short,R_Small_US,Resistor_SMD:R_0603_1608Metric,"Resistor, small US symbol",,,,,,,,,,,
"R89, R90, R91, R92, R93, R94, ",6,0,R_US,Resistor_SMD:R_0603_1608Metric,"Resistor, US symbol",,,,,,,,,,,
"U10, ",1,Driver_FET_SM72295MA_Navitas,Driver_FET_SM72295MA_Navitas,Package_SO:SOIC-28W_7.5x17.9mm_P1.27mm,,,,,,,,,,,,
"U12, U13, ",2,INA199A1DCKR_NAVITAS,INA199A1DCKR_NAVITAS,INA214CIDCKR:INA214CIDCKR,,,,,,,,,,,,
